<AVRPART>  
  <ADMIN>
    <PART_NAME>AT89S8253</PART_NAME>
    <SPEED>4MHZ</SPEED>
    <SIGNATURE>
      <ADDR000>0x1E</ADDR000>
      <ADDR001>0x73</ADDR001>
      <ADDR002>0xFF</ADDR002>
    </SIGNATURE>
  </ADMIN>
  <PROGRAMMING>
    <PRGISP>  
        <ZIF_NO>2</ZIF_NO>   
    </PRGISP>
    <PRGHV>
        <ZIF_NO>5</ZIF_NO>   
    </PRGHV>
    <TYPE>1</TYPE> 
    <SUBCLASS>0</SUBCLASS> 
    <PROG_FLASH>12288</PROG_FLASH>
    <EEPROM>2048</EEPROM>    
    <FlashPageSize>64</FlashPageSize>
    <EepromPageSize>32</EepromPageSize>
    <WD_Flash>9</WD_Flash>
    <WD_EEPROM>15</WD_EEPROM>
    <WD_ERASE>50</WD_ERASE>
    <WD_FUSE>9</WD_FUSE>
    <WD_LOCK>9</WD_LOCK>
    <WD_RESET>100</WD_RESET> 
    <FuseRCMD0>0x21000000</FuseRCMD0>    
    <FuseRPos>3</FuseRPos>    
    <FuseWCMD0>0xac010000</FuseWCMD0>    
    <FuseWPos>1</FuseWPos>    
    <LockRCMD>0x24000000</LockRCMD>    
    <LockRPos>3</LockRPos>    
    <LockWCMD>0xace30000</LockWCMD>    
    <LockWPos>1</LockWPos>  
    <fusevalue>0x000a</fusevalue>  
    <FuseMask>0x1f</FuseMask>        
</PROGRAMMING>
  <LOCKBIT>
    <LOCKBIT0>
      <NAME>LB1</NAME>
      <TEXT>Lockbit</TEXT>
    </LOCKBIT0>
    <LOCKBIT1>
      <NAME>LB2</NAME>
      <TEXT>Lockbit</TEXT>
    </LOCKBIT1>
      <LOCKBIT2>
      <NAME>LB3</NAME>
      <TEXT>Lockbit</TEXT>
    </LOCKBIT2>
</LOCKBIT>  
	<FUSE>
		<LOW>
			<NMB_FUSE_BITS>4</NMB_FUSE_BITS>
			<FUSE3>
				<NAME>CrystalEn</NAME>
				<TEXT>Select Clock Source</TEXT>
				<DEFAULT>1</DEFAULT>
			</FUSE3>
			<FUSE2>
				<NAME>UserPrgDis</NAME>
				<TEXT>Select Clock Source</TEXT>
				<DEFAULT>0</DEFAULT>
			</FUSE2>
			<FUSE1>
				<NAME>X2 clkDis</NAME>
				<TEXT>Select Clock Source</TEXT>
				<DEFAULT>1</DEFAULT>
			</FUSE1>
			<FUSE0>
				<NAME>SPIEN</NAME>
				<TEXT>>Enable Serial programming and Data Downloading</TEXT>
				<DEFAULT>0</DEFAULT>
			</FUSE0>
					<NMB_TEXT>0</NMB_TEXT>
</LOW>
	</FUSE>
		
</AVRPART>  